Travel Offer ID,Legs Number,Profile,Starting point,Destination,Via,Departure time,Arrival time,Services,Transfers,Transfer duration,Walking distance to stop,Walking speed,Cycling distance to stop,Cycling speed,Driving speed,Quick,Reliable,Cheap,Comfortable,Door-to-door,Environmentally friendly,Short,Multitasking,Social,Panoramic,Healthy,LegMode,LegCarrier,LegSeat,LegLength
202105120134070,8,Business,Dublin,Milan,"['Berlin', 'Paris', 'Frankfurt', 'Krumlov', 'Praha', 'Warsaw', 'Brugge']",2022-10-20 21:49,2022-11-02 08:53,"['Local type', 'Water transport', 'Telecabin']",Max 4,At least 10 min,3000m,Slow,18500m,Fast,Fast,0.2875,0.8131,0.9861,0.5879,0.8778,0.7838,0.6903,0.5518,0.1197,0.4056,0.6994,"['Taxi', 'Toll', 'Other', 'Bike Sharing', 'Other', 'Airline', 'Funicular', 'Coach']","['RegioJet', 'FlixBus', 'VBB', 'Renfe', 'FlixBus', 'AirFrance', 'SNFC', 'TMB']","['Large', 'Large', 'Window', 'Large', 'Aisle', 'Large', 'Aisle', 'Large']","[72, 21, 98, 25, 16, 18, 87, 23]"
202105120134071,8,Business,Dublin,Milan,"['Frankfurt', 'Kraków', 'Berlin', 'Paris', 'Madrid', 'Porto', 'Lisbon']",2022-10-20 21:49,2022-11-02 08:53,"['Local type', 'Water transport', 'Telecabin']",Max 1,At least 10 min,3500m,Slow,16000m,Fast,Fast,0.8671,0.4271,0.7555,0.2738,0.0692,0.2619,0.502,0.9911,0.5684,0.3453,0.1822,"['Funicular', 'Metro', 'Cable Way', 'Tram', 'Bike Sharing', 'Toll', 'Metro', 'Metro']","['TMB', 'VBB', 'TMB', 'Renfe', 'Trenitalia', 'KLM', 'Iberia', 'KLM']","['Aisle', 'Aisle', 'Large', 'Aisle', 'Window', 'Large', 'Window', 'Window']","[21, 94, 17, 14, 40, 90, 48, 66]"
202105120134072,1,Business,Dublin,Milan,[],2022-10-20 21:49,2022-11-02 08:53,"['Local type', 'Water transport', 'Telecabin']",Max 3,At least 10 min,4000m,Slow,2500m,Fast,Fast,0.2714,0.9371,0.0415,0.7192,0.9985,0.8837,0.7176,0.6109,0.9218,0.3983,0.075,['Metro'],['FlixBus'],['Aisle'],[15]
202105120134073,5,Business,Dublin,Milan,"['Nice', 'Paris', 'Porto', 'Dublin']",2022-10-20 21:49,2022-11-02 08:53,"['Local type', 'Water transport', 'Telecabin']",Max 2,At least 30 min,2500m,Slow,6500m,Fast,Fast,0.4835,0.6618,0.9258,0.3537,0.5151,0.3289,0.1201,0.7438,0.132,0.5857,0.5906,"['Car Sharing', 'Metro', 'Urban', 'Park', 'Urban']","['VBB', 'FlixBus', 'KLM', 'Trenitalia', 'RegioJet']","['Aisle', 'Aisle', 'Window', 'Large', 'Window']","[43, 62, 80, 49, 39]"
202105120134074,5,Business,Dublin,Milan,"['London', 'Paris', 'Kraków', 'Bruxelle']",2022-10-20 21:49,2022-11-02 08:53,"['Local type', 'Water transport', 'Telecabin']",Unlimited,At least 45 min,4500m,Slow,7000m,Fast,Fast,0.8425,0.8666,0.3183,0.3594,0.1539,0.4545,0.5263,0.1682,0.3056,0.4165,0.4691,"['Funicular', 'Train', 'Ship', 'Park', 'Train']","['VBB', 'TMB', 'Renfe', 'TMB', 'RegioJet']","['Aisle', 'Aisle', 'Aisle', 'Aisle', 'Large']","[11, 91, 50, 46, 22]"
202105120134075,3,Business,Dublin,Milan,"['Krumlov', 'Bruxelle']",2022-10-20 21:49,2022-11-02 08:53,"['Local type', 'Water transport', 'Telecabin']",None,At least 40 min,1500m,Slow,4000m,Fast,Fast,0.5245,0.7966,0.0136,0.6713,0.0002,0.9721,0.8655,0.1279,0.5651,0.4657,0.3972,"['Urban', 'Metro', 'Trolely Bus']","['SNFC', 'TMB', 'AirFrance']","['Large', 'Large', 'Large']","[66, 18, 91]"
202105120134076,1,Business,Dublin,Milan,[],2022-10-20 21:49,2022-11-02 08:53,"['Local type', 'Water transport', 'Telecabin']",Max 3,At least 25 min,1000m,Slow,15500m,Fast,Fast,0.0311,0.3466,0.899,0.1224,0.4666,0.8869,0.7095,0.6492,0.4805,0.7407,0.8058,['Bike Sharing'],['Renfe'],['Large'],[40]
202105120134077,7,Business,Dublin,Milan,"['Barcelona', 'London', 'Warsaw', 'Madrid', 'Rome', 'Kraków']",2022-10-20 21:49,2022-11-02 08:53,"['Local type', 'Water transport', 'Telecabin']",Unlimited,At least 30 min,2500m,Slow,19000m,Fast,Fast,0.0623,0.9482,0.079,0.3687,0.9609,0.598,0.7251,0.8408,0.1147,0.4997,0.2788,"['Urban', 'Urban', 'Bike Sharing', 'Other', 'Train', 'Other', 'Urban']","['Trenitalia', 'FlixBus', 'VBB', 'VBB', 'Iberia', 'Iberia', 'VBB']","['Aisle', 'Window', 'Large', 'Large', 'Aisle', 'Window', 'Aisle']","[70, 43, 84, 10, 22, 33, 87]"
202105120134078,3,Business,Dublin,Milan,"['Brugge', 'Warsaw']",2022-10-20 21:49,2022-11-02 08:53,"['Local type', 'Water transport', 'Telecabin']",Max 4,At least 25 min,2000m,Slow,16500m,Fast,Fast,0.1651,0.7982,0.6152,0.2265,0.0511,0.5959,0.2237,0.3399,0.5601,0.7921,0.7472,"['Bus', 'Car Sharing', 'Other']","['RegioJet', 'FlixBus', 'TMB']","['Aisle', 'Aisle', 'Large']","[72, 87, 61]"
202105120134079,10,Business,Dublin,Milan,"['Krumlov', 'Dublin', 'London', 'Lisbon', 'Nice', 'Berlin', 'Porto', 'Paris', 'Kraków']",2022-10-20 21:49,2022-11-02 08:53,"['Local type', 'Water transport', 'Telecabin']",Max 4,At least 25 min,4000m,Slow,2500m,Fast,Fast,0.0429,0.5627,0.3923,0.9485,0.3901,0.8502,0.2375,0.2436,0.3538,0.3031,0.9,"['Other', 'Taxi', 'Tram', 'Taxi', 'Park', 'Other', 'Other', 'Park', 'Metro', 'Toll']","['RegioJet', 'Iberia', 'Iberia', 'Iberia', 'FlixBus', 'RegioJet', 'Iberia', 'RegioJet', 'SNFC', 'Renfe']","['Aisle', 'Large', 'Aisle', 'Aisle', 'Aisle', 'Large', 'Large', 'Large', 'Aisle', 'Window']","[52, 94, 90, 25, 31, 33, 32, 100, 11, 50]"
2021051201340710,4,Business,Dublin,Milan,"['Warsaw', 'Brugge', 'Kraków']",2022-10-20 21:49,2022-11-02 08:53,"['Local type', 'Water transport', 'Telecabin']",Max 2,At least 40 min,2500m,Slow,16500m,Fast,Fast,0.8134,0.4962,0.8754,0.8115,0.6391,0.8892,0.7641,0.9963,0.9348,0.6921,0.1947,"['Taxi', 'Car Sharing', 'Train', 'Car Sharing']","['SNFC', 'FlixBus', 'SNFC', 'TMB']","['Large', 'Window', 'Large', 'Aisle']","[61, 96, 77, 27]"
2021051201340711,3,Business,Dublin,Milan,"['Madrid', 'Paris']",2022-10-20 21:49,2022-11-02 08:53,"['Local type', 'Water transport', 'Telecabin']",Max 3,At least 20 min,1000m,Slow,10000m,Fast,Fast,0.1912,0.0161,0.0181,0.832,0.3986,0.1947,0.702,0.5779,0.5362,0.1999,0.828,"['Cable Way', 'Urban', 'Tram']","['TMB', 'Iberia', 'VBB']","['Aisle', 'Window', 'Large']","[34, 60, 79]"
2021051201340712,9,Business,Dublin,Milan,"['Crok', 'Bruxelle', 'Kraków', 'Warsaw', 'Porto', 'Nice', 'Praha', 'Berlin']",2022-10-20 21:49,2022-11-02 08:53,"['Local type', 'Water transport', 'Telecabin']",Max 3,At least 15 min,4500m,Slow,17500m,Fast,Fast,0.8882,0.3541,0.8595,0.0924,0.762,0.9498,0.9452,0.3203,0.222,0.4894,0.4377,"['Park', 'Airline', 'Other', 'Airline', 'Park', 'Intercity', 'Train', 'Urban', 'Other']","['Trenitalia', 'SNFC', 'Iberia', 'SNFC', 'SNFC', 'Trenitalia', 'Renfe', 'TMB', 'RegioJet']","['Window', 'Aisle', 'Aisle', 'Aisle', 'Aisle', 'Large', 'Window', 'Large', 'Window']","[63, 49, 96, 75, 36, 56, 79, 22, 62]"
2021051201340713,5,Business,Dublin,Milan,"['Rome', 'Brugge', 'Madrid', 'Kraków']",2022-10-20 21:49,2022-11-02 08:53,"['Local type', 'Water transport', 'Telecabin']",Unlimited,At least 20 min,2500m,Slow,10000m,Fast,Fast,0.0067,0.5277,0.8086,0.4041,0.6911,0.0978,0.3144,0.1787,0.1247,0.5562,0.0513,"['Ship', 'Train', 'Bike Sharing', 'Other', 'Cable Way']","['Trenitalia', 'Renfe', 'Renfe', 'KLM', 'Trenitalia']","['Large', 'Large', 'Aisle', 'Aisle', 'Window']","[44, 89, 15, 90, 27]"
2021051201340714,5,Business,Dublin,Milan,"['Madrid', 'Brugge', 'Crok', 'Rome']",2022-10-20 21:49,2022-11-02 08:53,"['Local type', 'Water transport', 'Telecabin']",Max 4,At least 20 min,1000m,Slow,15000m,Fast,Fast,0.7743,0.5445,0.5194,0.4708,0.9008,0.5061,0.9079,0.6377,0.6479,0.4685,0.1869,"['Coach', 'Taxi', 'Funicular', 'Tram', 'Trolely Bus']","['FlixBus', 'KLM', 'SNFC', 'KLM', 'AirFrance']","['Window', 'Large', 'Large', 'Large', 'Window']","[83, 73, 46, 98, 60]"
2021051201340715,3,Business,Dublin,Milan,"['London', 'Bruxelle']",2022-10-20 21:49,2022-11-02 08:53,"['Local type', 'Water transport', 'Telecabin']",Max 3,At least 40 min,1000m,Slow,11000m,Fast,Fast,0.5274,0.3381,0.5172,0.1306,0.2868,0.9703,0.3788,0.4801,0.8882,0.7345,0.6644,"['Funicular', 'Trolely Bus', 'Bike Sharing']","['Trenitalia', 'KLM', 'Iberia']","['Large', 'Window', 'Large']","[73, 36, 94]"
2021051201340716,2,Business,Dublin,Milan,['Oxford'],2022-10-20 21:49,2022-11-02 08:53,"['Local type', 'Water transport', 'Telecabin']",Max 1,At least 10 min,2000m,Slow,4500m,Fast,Fast,0.0477,0.8918,0.1326,0.335,0.7051,0.9765,0.6981,0.7246,0.1803,0.171,0.1207,"['Intercity', 'Cable Way']","['VBB', 'TMB']","['Window', 'Large']","[53, 20]"
2021051201340717,3,Business,Dublin,Milan,"['Brugge', 'Porto']",2022-10-20 21:49,2022-11-02 08:53,"['Local type', 'Water transport', 'Telecabin']",Unlimited,At least 40 min,1500m,Slow,19000m,Fast,Fast,0.9237,0.2634,0.3869,0.2905,0.3463,0.2005,0.4611,0.8637,0.3808,0.7676,0.6902,"['Toll', 'Bike Sharing', 'Funicular']","['AirFrance', 'RegioJet', 'FlixBus']","['Large', 'Large', 'Window']","[20, 35, 56]"
2021051201340718,2,Business,Dublin,Milan,['Madrid'],2022-10-20 21:49,2022-11-02 08:53,"['Local type', 'Water transport', 'Telecabin']",Max 1,At least 35 min,500m,Slow,4500m,Fast,Fast,0.9354,0.5627,0.2321,0.6592,0.9524,0.7723,0.6857,0.1154,0.7178,0.5228,0.6423,"['Bus', 'Ship']","['AirFrance', 'FlixBus']","['Window', 'Large']","[87, 39]"
2021051201340719,7,Business,Dublin,Milan,"['Lisbon', 'Paris', 'Brugge', 'London', 'Krumlov', 'Milan']",2022-10-20 21:49,2022-11-02 08:53,"['Local type', 'Water transport', 'Telecabin']",Unlimited,At least 20 min,2500m,Slow,8500m,Fast,Fast,0.5139,0.5928,0.209,0.5545,0.3502,0.6086,0.4967,0.1314,0.0487,0.1122,0.1657,"['Park', 'Coach', 'Car Sharing', 'Train', 'Car Sharing', 'Train', 'Other']","['VBB', 'KLM', 'AirFrance', 'Renfe', 'Iberia', 'SNFC', 'Iberia']","['Window', 'Window', 'Window', 'Aisle', 'Window', 'Window', 'Aisle']","[41, 93, 57, 70, 48, 23, 27]"
2021051201340720,2,Business,Dublin,Milan,['Crok'],2022-10-20 21:49,2022-11-02 08:53,"['Local type', 'Water transport', 'Telecabin']",Max 2,At least 20 min,1500m,Slow,18000m,Fast,Fast,0.7272,0.1938,0.8157,0.6515,0.5799,0.3479,0.5849,0.8014,0.6343,0.6363,0.7736,"['Park', 'Metro']","['AirFrance', 'Iberia']","['Aisle', 'Window']","[89, 51]"
2021051201340721,5,Business,Dublin,Milan,"['Praha', 'Paris', 'Brugge', 'Bruxelle']",2022-10-20 21:49,2022-11-02 08:53,"['Local type', 'Water transport', 'Telecabin']",Unlimited,At least 40 min,3500m,Slow,18000m,Fast,Fast,0.7937,0.9839,0.3415,0.6606,0.6444,0.1488,0.7954,0.5961,0.5409,0.9366,0.7226,"['Urban', 'Train', 'Intercity', 'Park', 'Taxi']","['FlixBus', 'Iberia', 'Renfe', 'SNFC', 'TMB']","['Large', 'Aisle', 'Large', 'Large', 'Aisle']","[55, 54, 61, 95, 84]"
2021051201340722,2,Business,Dublin,Milan,['Warsaw'],2022-10-20 21:49,2022-11-02 08:53,"['Local type', 'Water transport', 'Telecabin']",None,At least 25 min,3500m,Slow,3000m,Fast,Fast,0.4532,0.4014,0.7568,0.7678,0.6308,0.7942,0.3683,0.308,0.3001,0.7933,0.9588,"['Cable Way', 'Park']","['AirFrance', 'Iberia']","['Large', 'Aisle']","[99, 27]"
2021051201340723,10,Business,Dublin,Milan,"['Frankfurt', 'Warsaw', 'Crok', 'Berlin', 'Bruxelle', 'Oxford', 'Paris', 'Krumlov', 'Porto']",2022-10-20 21:49,2022-11-02 08:53,"['Local type', 'Water transport', 'Telecabin']",Max 2,At least 40 min,3000m,Slow,6000m,Fast,Fast,0.7019,0.515,0.5016,0.3178,0.2567,0.8858,0.3465,0.2403,0.6366,0.3337,0.3082,"['Coach', 'Park', 'Coach', 'Metro', 'Cable Way', 'Toll', 'Train', 'Cable Way', 'Metro', 'Train']","['Renfe', 'TMB', 'Renfe', 'RegioJet', 'FlixBus', 'RegioJet', 'Trenitalia', 'AirFrance', 'Trenitalia', 'Trenitalia']","['Large', 'Large', 'Large', 'Large', 'Window', 'Large', 'Large', 'Window', 'Window', 'Large']","[25, 47, 13, 16, 86, 27, 79, 34, 37, 55]"
2021051201340724,2,Business,Dublin,Milan,['Crok'],2022-10-20 21:49,2022-11-02 08:53,"['Local type', 'Water transport', 'Telecabin']",Max 4,At least 45 min,500m,Slow,14500m,Fast,Fast,0.1427,0.7875,0.0286,0.1759,0.3915,0.1276,0.4159,0.6808,0.2723,0.4512,0.9102,"['Car Sharing', 'Intercity']","['KLM', 'VBB']","['Aisle', 'Large']","[20, 86]"
2021051201340725,9,Business,Dublin,Milan,"['Milan', 'Madrid', 'Barcelona', 'Crok', 'Frankfurt', 'Bruxelle', 'Praha', 'Nice']",2022-10-20 21:49,2022-11-02 08:53,"['Local type', 'Water transport', 'Telecabin']",Unlimited,At least 40 min,4000m,Slow,14500m,Fast,Fast,0.218,0.2792,0.7167,0.8376,0.237,0.42,0.8105,0.8411,0.6603,0.342,0.6484,"['Ship', 'Taxi', 'Urban', 'Tram', 'Urban', 'Ship', 'Car Sharing', 'Cable Way', 'Bus']","['RegioJet', 'KLM', 'VBB', 'Iberia', 'TMB', 'Iberia', 'KLM', 'Renfe', 'Trenitalia']","['Aisle', 'Aisle', 'Window', 'Large', 'Large', 'Window', 'Window', 'Large', 'Large']","[92, 28, 55, 75, 75, 30, 65, 70, 14]"
2021051201340726,9,Business,Dublin,Milan,"['Krumlov', 'London', 'Rome', 'Kraków', 'Praha', 'Dublin', 'Crok', 'Frankfurt']",2022-10-20 21:49,2022-11-02 08:53,"['Local type', 'Water transport', 'Telecabin']",Max 1,At least 45 min,1000m,Slow,3500m,Fast,Fast,0.8293,0.4064,0.9489,0.1825,0.8756,0.7233,0.8346,0.8491,0.6772,0.2166,0.8073,"['Bike Sharing', 'Ship', 'Toll', 'Park', 'Ship', 'Bus', 'Toll', 'Cable Way', 'Coach']","['AirFrance', 'FlixBus', 'KLM', 'Renfe', 'Iberia', 'Renfe', 'Iberia', 'Trenitalia', 'TMB']","['Aisle', 'Aisle', 'Aisle', 'Aisle', 'Window', 'Large', 'Aisle', 'Aisle', 'Large']","[97, 65, 98, 44, 83, 29, 18, 15, 21]"
2021051201340727,6,Business,Dublin,Milan,"['Berlin', 'Paris', 'Kraków', 'Bruxelle', 'Lisbon']",2022-10-20 21:49,2022-11-02 08:53,"['Local type', 'Water transport', 'Telecabin']",Max 4,At least 10 min,3000m,Slow,7500m,Fast,Fast,0.6932,0.8864,0.633,0.7196,0.6872,0.8742,0.4469,0.2311,0.8943,0.3926,0.456,"['Other', 'Metro', 'Ship', 'Taxi', 'Toll', 'Coach']","['Trenitalia', 'Iberia', 'VBB', 'KLM', 'AirFrance', 'KLM']","['Aisle', 'Large', 'Aisle', 'Large', 'Window', 'Large']","[82, 73, 24, 51, 66, 42]"
2021051201340728,2,Business,Dublin,Milan,['Praha'],2022-10-20 21:49,2022-11-02 08:53,"['Local type', 'Water transport', 'Telecabin']",Max 4,At least 35 min,3000m,Slow,17500m,Fast,Fast,0.0801,0.1567,0.8796,0.2717,0.0193,0.0322,0.4353,0.7754,0.6001,0.7716,0.3799,"['Other', 'Other']","['TMB', 'RegioJet']","['Large', 'Large']","[39, 77]"
2021051201340729,10,Business,Dublin,Milan,"['Oxford', 'Barcelona', 'Warsaw', 'Dublin', 'Nice', 'Bruxelle', 'Crok', 'Krumlov', 'Lisbon']",2022-10-20 21:49,2022-11-02 08:53,"['Local type', 'Water transport', 'Telecabin']",Max 3,normal,1000m,Slow,11500m,Fast,Fast,0.9456,0.0022,0.153,0.2981,0.4956,0.3715,0.7915,0.6475,0.2483,0.6161,0.881,"['Park', 'Bus', 'Car Sharing', 'Trolely Bus', 'Train', 'Urban', 'Coach', 'Metro', 'Car Sharing', 'Park']","['RegioJet', 'Iberia', 'KLM', 'TMB', 'Iberia', 'SNFC', 'Trenitalia', 'SNFC', 'AirFrance', 'RegioJet']","['Aisle', 'Aisle', 'Aisle', 'Window', 'Window', 'Large', 'Large', 'Large', 'Large', 'Large']","[69, 62, 14, 66, 50, 66, 61, 99, 58, 94]"
2021051201340730,7,Business,Dublin,Milan,"['Lisbon', 'Milan', 'Barcelona', 'Praha', 'Paris', 'Kraków']",2022-10-20 21:49,2022-11-02 08:53,"['Local type', 'Water transport', 'Telecabin']",None,At least 10 min,4500m,Slow,6500m,Fast,Fast,0.326,0.5306,0.0406,0.0561,0.2088,0.1383,0.4359,0.2435,0.6746,0.7931,0.323,"['Tram', 'Tram', 'Coach', 'Toll', 'Cable Way', 'Bike Sharing', 'Tram']","['Renfe', 'TMB', 'VBB', 'Trenitalia', 'TMB', 'SNFC', 'RegioJet']","['Aisle', 'Window', 'Aisle', 'Aisle', 'Aisle', 'Aisle', 'Aisle']","[66, 17, 69, 39, 41, 44, 63]"
